Attraction,Time spent in Attraction (minutes)
A ,35.3
A ,28.3
A ,24.9
A ,34.3
A ,28.1
A ,27.6
A ,30.6
A ,40.6
A ,30
A ,28.4
A ,24
A ,26.3
A ,29.3
A ,34.2
A ,30.8
A ,21.1
A ,24.4
A ,31.5
A ,30.6
A ,31.7
A ,28.8
A ,21.9
A ,32.7
A ,36.2
A ,25.6
A ,35.4
A ,40
A ,39.3
A ,31.2
A ,33.5
A ,29.3
A ,31.4
A ,23.7
A ,33.2
A ,29.8
A ,33.9
A ,32.9
A ,27.3
A ,28.3
A ,33.5
A ,35.5
A ,23.6
A ,32.4
A ,28.1
A ,34.3
A ,27.3
A ,36.2
A ,28.6
A ,22
A ,29.5
A ,34.4
A ,27.8
A ,31.8
A ,37
A ,36.9
A ,21.8
A ,35.4
A ,34.7
A ,39.9
A ,29.4
A ,30.7
A ,32.4
A ,29.7
A ,30
A ,22.4
A ,30.5
A ,26.9
A ,30.6
A ,24.8
A ,33.2
A ,30.5
A ,30.9
A ,25.7
A ,29.1
A ,26.4
A ,35.6
A ,33
A ,28
A ,32.8
A ,20
A ,31.7
A ,32.2
A ,36.7
A ,27.8
A ,24.1
A ,21.7
A ,26.9
A ,27.6
A ,34.9
A ,29.3
A ,25.9
A ,26.6
A ,29.2
A ,21.8
A ,29
A ,27.6
A ,30.8
A ,30.7
A ,35
A ,34.1
A ,23.4
A ,33
A ,16
A ,36.2
A ,25.2
A ,26.2
A ,36.2
A ,33
A ,31.9
A ,35.4
A ,34
A ,23.2
A ,31.5
A ,26.9
A ,30.7
A ,33.8
A ,24.9
A ,30.7
A ,24.3
A ,18.7
A ,30.6
A ,26.4
A ,27.5
A ,30.3
A ,22.9
A ,32.1
A ,26.4
A ,27.7
A ,29.7
A ,33.1
A ,32.1
A ,29.9
A ,19.7
A ,22.1
A ,40.9
A ,29.4
A ,33.6
A ,27.2
A ,34.6
A ,28.8
A ,32.3
A ,36
A ,37.7
A ,23.4
A ,36.3
A ,29
A ,27.8
A ,31.3
A ,19.9
A ,23.7
A ,27
A ,28.9
A ,27.1
A ,37.3
A ,34.5
A ,22.9
A ,27.7
A ,30
A ,33.4
A ,32.8
A ,35.2
A ,22
A ,25
A ,22.8
A ,35.3
A ,32
A ,34.6
A ,27.8
A ,34.2
A ,38.8
A ,25.8
A ,27.6
A ,30.4
A ,24.2
A ,32.3
A ,29.6
A ,41.8
A ,30.4
A ,34.9
A ,27.2
A ,25.1
A ,37.1
A ,31.2
A ,29.6
A ,26.5
A ,34.9
A ,25.3
A ,25.5
A ,19.5
A ,30.8
A ,22.9
A ,37
A ,28.9
A ,20.2
A ,28.6
A ,32.3
A ,22.9
A ,35.9
A ,28.8
A ,29.6
A ,31
A ,34.5
A ,30
A ,36.7
A ,30.5
A ,43.2
A ,29.3
A ,31.4
A ,29.1
A ,34
A ,37.1
A ,18.8
A ,20.7
A ,24.6
A ,30.1
A ,24.2
A ,25.9
A ,26
A ,26.6
A ,30.1
A ,23.5
A ,30.5
A ,29.6
A ,23.8
A ,31
A ,26.4
A ,46.7
A ,31.8
A ,27.9
A ,26.2
A ,27.1
A ,32.1
A ,29.4
A ,26.5
A ,34.6
A ,29.6
A ,25.6
A ,31.3
A ,26.8
A ,32.4
A ,34.8
A ,36
A ,37.7
A ,30.5
A ,20.5
A ,22.6
A ,33.9
A ,34
A ,33.9
A ,24.4
A ,34.2
A ,23.4
A ,34.2
A ,31.2
A ,30.8
A ,20.3
A ,31.7
A ,27.5
A ,24.8
A ,35.1
A ,19.6
A ,34.3
A ,31.4
A ,34.6
A ,28.5
A ,31.3
A ,25
A ,29
A ,26.8
A ,24
A ,32.5
A ,27.6
A ,33.9
A ,26.9
A ,32.6
A ,29.6
A ,31.4
A ,33.1
A ,22.6
A ,34.2
A ,29.3
A ,28.4
A ,30.4
A ,23.8
A ,35.9
A ,40.6
A ,30.4
A ,33.4
A ,24.5
A ,19.5
A ,33.8
A ,22.3
A ,28.7
A ,26.3
A ,37.2
A ,26.9
A ,35
A ,25
A ,23.9
A ,39.1
A ,26.7
A ,26
A ,27.8
A ,26.9
A ,33.2
A ,21.7
A ,32.9
A ,29.9
A ,23.2
A ,27.7
A ,30.8
A ,32.3
A ,30.6
A ,27.3
A ,35.7
A ,32.9
A ,22.6
A ,40.4
A ,36.6
A ,39.4
A ,31.3
A ,30.4
A ,24.6
A ,30.6
A ,36
A ,26.6
A ,30.9
A ,25
A ,32.8
A ,21.7
A ,25.8
A ,26.7
A ,28
A ,28.9
A ,33.6
A ,23.7
A ,33.7
A ,34
A ,31.5
A ,30.6
A ,21.5
A ,34.2
A ,29.8
A ,32.6
A ,30.1
A ,25.7
A ,29.5
A ,31
A ,24.2
A ,28.8
A ,29.9
A ,26.3
A ,29.1
A ,27.9
A ,31.1
A ,32.9
A ,40.5
A ,33.4
A ,34.3
A ,34.6
A ,30.9
A ,23.5
A ,32.7
A ,41.9
A ,33.2
A ,36.2
A ,30.3
A ,23.4
A ,31.3
A ,30.7
A ,34.3
A ,25.7
A ,31.8
A ,29.8
A ,26.8
A ,26.9
A ,31.6
A ,33.1
A ,30.4
A ,23.1
A ,33
A ,33.6
A ,26.3
A ,31.3
A ,27.1
A ,40.3
A ,20.3
A ,28.4
A ,21.8
A ,29.9
A ,28.2
A ,28.4
A ,28
A ,32.9
A ,32.2
A ,20.9
A ,23.9
A ,26.7
A ,32.8
A ,29.5
A ,32.5
A ,24.9
A ,34.7
A ,24.2
A ,32.4
A ,27.2
A ,27
A ,29.9
A ,24.3
A ,26.1
A ,26.6
A ,33.9
A ,47.3
A ,36.5
A ,31.4
A ,29.3
A ,25.1
A ,29
A ,30.3
A ,21.1
A ,32.6
A ,33.8
A ,43.6
A ,36.9
A ,31.7
A ,30.6
A ,24.8
A ,21.8
A ,25.9
A ,32.5
A ,30.1
A ,34.4
A ,21.8
A ,28.7
A ,30.4
A ,30.6
A ,34.5
A ,41
A ,21.3
A ,39.9
A ,24.6
A ,28.9
A ,35.2
A ,20.7
A ,26.2
A ,25.1
A ,35.7
A ,32.1
A ,37.4
A ,31.7
A ,35.7
A ,24.8
A ,25.5
A ,35.5
A ,17.6
A ,24.8
A ,24.3
A ,34
A ,32.6
A ,27.8
A ,31.4
A ,20.9
A ,29.5
A ,29.8
A ,29.5
A ,31.5
A ,25.7
A ,26.7
A ,25.2
A ,28.8
A ,40.4
A ,18.4
A ,20.6
A ,31.7
A ,18.5
A ,24.2
A ,28.9
A ,22
A ,35.8
A ,27.5
A ,29.1
A ,30.5
A ,24.6
A ,24.6
A ,32.7
A ,28.8
A ,24.6
A ,36.5
A ,34.1
A ,25
A ,30.3
A ,35.8
A ,31.3
A ,36.2
A ,41.7
A ,44.9
A ,31.1
A ,37.8
A ,31.5
A ,25.9
A ,35.6
A ,28.8
A ,33.9
A ,27
A ,41.4
A ,17.8
A ,28.3
A ,19.2
A ,29.6
A ,29.7
A ,37.4
A ,23
A ,31.4
A ,39.2
A ,26.3
A ,31.9
A ,31.4
A ,32.2
A ,42.4
A ,26.8
A ,35.3
A ,24
A ,31.7
A ,37.7
A ,31.3
A ,20.6
A ,29.4
A ,30.4
A ,27.4
A ,32.5
A ,34.2
A ,31.4
A ,38.3
A ,29.8
A ,26.8
A ,28.8
A ,32.7
A ,33.7
A ,33.5
A ,34.1
A ,35.4
A ,30.9
A ,27.3
A ,31.4
A ,37.2
A ,31.1
A ,25.1
A ,32.2
A ,31.6
A ,25
A ,31.9
A ,31
A ,31
A ,28.2
A ,34
A ,30.5
A ,36
A ,27.6
A ,37.3
A ,29.3
A ,30.4
A ,26.2
A ,25.8
A ,35.6
A ,26.2
A ,26.8
A ,32.3
A ,34.8
A ,28.4
A ,24.9
A ,24.7
A ,35.2
A ,30.7
A ,39
A ,23.7
A ,42.7
A ,28.5
A ,33.4
A ,24.5
A ,29.2
A ,35.8
A ,32.9
A ,26.2
A ,24.8
A ,36.2
A ,36.1
A ,17.6
A ,22.9
A ,28.2
A ,26
A ,30.2
A ,24.5
A ,25
A ,34.2
A ,22.1
A ,32.7
A ,29.3
A ,33.9
A ,26.6
A ,40.8
B,30.3
B,29.8
B,29.8
B,27.7
B,35.1
B,27.8
B,21.4
B,27.3
B,24.9
B,27.4
B,29.3
B,32.3
B,26.3
B,22.6
B,33.4
B,23
B,32
B,31.4
B,28.3
B,29.4
B,25.9
B,31.6
B,32.6
B,20.9
B,30.7
B,32.8
B,31.6
B,23
B,39.2
B,25.1
B,27.6
B,25
B,40.6
B,32.8
B,31.3
B,37.4
B,28.7
B,35.3
B,29.8
B,30.7
B,29.9
B,34.9
B,35.8
B,32.1
B,31
B,21.2
B,38.2
B,28.5
B,35.7
B,32.5
B,29.2
B,32.7
B,34.1
B,33.5
B,27.9
B,31.4
B,31.4
B,32.2
B,22.8
B,28.2
B,34.8
B,28
B,27.3
B,37.6
B,26.9
B,30.9
B,22.7
B,27
B,35.5
B,27.7
B,40.1
B,27.5
B,30.2
B,27
B,32.1
B,26.5
B,33.3
B,29.6
B,26.1
B,21.4
B,27.4
B,36.9
B,33.2
B,27.8
B,33.1
B,31.5
B,35.1
B,34
B,35.3
B,36.4
B,24.7
B,26.2
B,32.9
B,37
B,27
B,33.3
B,29.1
B,30.6
B,33.9
B,41.5
B,44.3
B,28.7
B,32.7
B,36.5
B,26.9
B,30.2
B,26.6
B,32.8
B,27.7
B,31.3
B,32.1
B,11.2
B,33.3
B,31.7
B,34.4
B,38.5
B,34.7
B,38.1
B,27.1
B,26.8
B,35.5
B,30.5
B,24.6
B,27.2
B,33
B,30.2
B,27.8
B,37.9
B,36.4
B,35.6
B,28.3
B,35.9
B,40.5
B,30.9
B,31.8
B,25.9
B,32.7
B,19.3
B,30.4
B,30.9
B,26.9
B,26.2
B,30
B,33.4
B,27.2
B,28.1
B,24.5
B,24
B,29.2
B,27.4
B,34.8
B,28.2
B,23.5
B,23.2
B,30.7
B,27.8
B,34.4
B,44.7
B,28.9
B,25.2
B,33.2
B,19.6
B,28.7
B,14.5
B,40.3
B,34.2
B,44.7
B,21.5
B,31.5
B,29.8
B,27.6
B,31.6
B,28
B,25.2
B,26.9
B,32.8
B,36.6
B,32.2
B,26.7
B,29.6
B,23.1
B,32
B,32
B,39
B,31.4
B,23.3
B,28.6
B,33.8
B,42.3
B,33.5
B,23.6
B,30.7
B,28.4
B,28.3
B,33
B,33
B,27
B,26.1
B,30.8
B,23.8
B,27
B,34
B,40.4
B,27.2
B,34.4
B,32
B,28.9
B,29
B,23.4
B,25.2
B,33.1
B,20
B,27.4
B,24.7
B,32.7
B,25.8
B,29.7
B,37.8
B,33.7
B,26.2
B,29.3
B,36.1
B,27.4
B,24.9
B,29.8
B,27
B,31.5
B,20.9
B,30
B,26
B,36.5
B,24.1
B,35.4
B,40.2
B,20.4
B,31.8
B,30
B,29.2
B,28.6
B,28
B,21.9
B,38.4
B,36
B,37.9
B,35.2
B,33.1
B,19.7
B,34.6
B,30.7
B,27.2
B,34.7
B,29.3
B,37.5
B,34.5
B,26.5
B,27.9
B,29.9
B,31.9
B,29.5
B,25.8
B,31.6
B,26.6
B,35.4
B,29.2
B,25.3
B,22.5
B,26.8
B,45.7
B,33.5
B,37.8
B,28.4
B,31.4
B,21.8
B,32
B,36.5
B,28.4
B,32.1
B,27.5
B,30.9
B,28.3
B,32.6
B,31.8
B,31.7
B,26.6
B,32.7
B,35.2
B,27.9
B,16
B,30.1
B,41.8
B,30
B,18.3
B,31.2
B,23.5
B,33
B,29.8
B,33.8
B,30.4
B,22.2
B,32.1
B,28.7
B,38
B,34.8
B,27.7
B,40.3
B,25.4
B,21.9
B,39.3
B,26.3
B,23.9
B,34.8
B,32.1
B,31.7
B,27.8
B,25.9
B,36.9
B,29.1
B,28.1
B,32.7
B,24.6
B,30.2
B,28.5
B,28.6
B,33.9
B,33.8
B,30.4
B,34.7
B,32.9
B,22.7
B,34.7
B,31.8
B,20
B,23.9
B,33.9
B,25.7
B,25.4
B,31.6
B,26.4
B,31.4
B,33.3
B,24.6
B,25.4
B,25
B,32.5
B,28.9
B,23.6
B,35
B,37.1
B,31.5
B,36.8
B,33.9
B,22.9
B,34.6
B,21.8
B,26.2
B,27.4
B,22.4
B,36.7
B,24.6
B,23
B,42.4
B,27.6
B,29.7
B,23
B,19.6
B,34.6
B,37.8
B,32.3
B,36.9
B,36.3
B,32.5
B,29.7
B,27.9
B,36.7
B,24.7
B,34.3
B,29
B,32.4
B,23.7
B,23.2
B,36.4
B,23.1
B,34.1
B,27.5
B,20.8
B,34.7
B,24.1
B,28.8
B,31.7
B,37.6
B,29.6
B,35.9
B,32
B,24
B,23.8
B,27.1
B,26.6
B,24.1
B,33
B,29.1
B,32.9
B,22.1
B,37.6
B,31.4
B,31.6
B,22.3
B,28.7
B,27.7
B,31.5
B,37.2
B,34.6
B,23.9
B,30.9
B,32.2
B,28
B,30.6
B,17.3
B,29.7
B,29.9
B,23.4
B,27.7
B,37.1
B,30
B,20.5
B,35.6
B,29.2
B,33.2
B,39.2
B,34.1
B,26.8
B,21.1
B,42.8
B,32.1
B,25.5
B,27.7
B,35.3
B,24.1
B,26
B,31.4
B,33.6
B,33
B,29.8
B,24.8
B,25.6
B,31.8
B,35.5
B,34.9
B,32.1
B,42.8
B,29.3
B,23.1
B,25.3
B,33.8
B,27.3
B,38.1
B,40.7
B,21.5
B,28
B,28.4
B,38.5
B,24.3
B,35.8
B,27
B,31.2
B,33.2
B,31.4
B,25.4
B,28.4
B,29
B,20.7
B,32
B,31.3
B,35
B,37.2
B,27.1
B,31.5
B,24.2
B,34.7
B,20.4
B,25.7
B,32.3
B,17.8
B,34.4
B,35.5
B,30.5
B,14.6
B,26.5
B,17.3
B,22
B,30.4
B,31.3
B,33.4
B,33
B,24.3
B,26.4
B,23.3
B,21.1
B,34.6
B,33.6
B,36.7
B,27.7
B,26.2
B,29.7
B,22.4
B,32.6
B,38.9
B,24.2
B,29.1
B,29.8
B,29.1
B,39.4
B,30.2
B,29.7
B,27.2
B,31.6
B,33.4
B,35.3
B,32.1
B,37.4
B,24.9
B,33.1
B,23.4
B,35.4
B,31.1
B,23.5
B,32.2
B,28.4
B,26
B,29.8
B,27.3
B,28.8
B,32.5
B,25.6
B,39.2
B,27.9
B,18.8
B,23.6
B,24.9
B,39.4
B,19.6
B,25.3
B,26
B,26
B,25.5
B,24.7
B,19.9
B,30.2
B,30.7
B,25.2
B,30.5
B,25.9
B,32.1
B,27.3
B,30.6
B,28.3
B,28.7
B,32.7
B,28.1
B,24
B,36.6
B,36.5
B,16.6
B,36.4
B,22.3
B,37.5
B,36.2
B,33.4
B,23.4
B,30.7
B,27.3
B,34.1
B,33.9
B,40.1
B,28
B,32.6
B,29
B,22.4
B,35.1
B,21.6
B,31.4
B,35
B,38.7
B,32.1
B,34.6
B,24.4
B,38.1
B,26.9
B,31
B,28.3
B,34.1
B,32.2
B,21.6
B,24.1
B,31.6
B,26.3
B,33.3
B,33.3
B,27.7
B,36.2
B,33.4
C,35.3
C,37.6
C,28.3
C,26.6
C,32.9
C,34
C,23.5
C,23.8
C,28.1
C,24.5
C,36.6
C,25.3
C,28.1
C,20.8
C,27.6
C,36.8
C,25.7
C,36
C,31.3
C,26.5
C,28.3
C,37
C,28.8
C,38.9
C,29.6
C,30.3
C,32.6
C,36.8
C,39.2
C,32.5
C,28.9
C,24.3
C,37
C,33.2
C,21.8
C,19.5
C,31.3
C,30
C,25.2
C,26.7
C,28.2
C,39.1
C,33.4
C,35.5
C,32.1
C,38.4
C,34.9
C,35.9
C,27.2
C,35.7
C,28.8
C,28.2
C,34.3
C,26.4
C,27.8
C,33.8
C,23.4
C,37.4
C,29.8
C,30.4
C,24.4
C,39.2
C,32.5
C,38.4
C,36.7
C,23
C,34.6
C,23.7
C,31.8
C,24.7
C,32.4
C,30
C,35.8
C,23.4
C,27.2
C,26.8
C,33.9
C,39.8
C,30
C,31.1
C,36.6
C,34.4
C,29.6
C,29.2
C,25.3
C,23
C,28.9
C,22.5
C,37
C,32.2
C,26.8
C,30.4
C,35.1
C,32.3
C,33.6
C,42.3
C,34.1
C,25.5
C,36.5
C,20.4
C,23.2
C,40.3
C,32.3
C,35.1
C,34.6
C,34.3
C,25.4
C,32.3
C,21.5
C,14.5
C,28.2
C,30.8
C,24.8
C,31.7
C,29.1
C,37.7
C,27.8
C,28.6
C,27.5
C,31.5
C,32.3
C,31.7
C,32.5
C,34
C,33.1
C,29.6
C,26.3
C,26.6
C,28.7
C,32.2
C,34.8
C,26
C,33.5
C,25.7
C,29.4
C,25.9
C,28.1
C,25.2
C,25
C,36.4
C,34.5
C,34.9
C,28.6
C,27.5
C,32.2
C,33
C,26.7
C,28.4
C,34.5
C,38.9
C,20.3
C,25
C,31.9
C,32.8
C,27.8
C,29.5
C,28.8
C,34.6
C,25.6
C,28.3
C,26.7
C,29.7
C,38.9
C,28.3
C,36.3
C,32.3
C,27.2
C,31.5
C,33.8
C,39.1
C,36.1
C,28.3
C,21.2
C,28.4
C,31.6
C,35.5
C,37
C,26.4
C,27.9
C,31.2
C,24
C,38.6
C,29.3
C,29.4
C,33.2
C,20.3
C,25.3
C,30.2
C,24.4
C,16
C,29.3
C,30.9
C,26
C,26.2
C,31.3
C,24.8
C,35.1
C,34.5
C,28.6
C,37.5
C,32.2
C,35.5
C,23.8
C,30.2
C,29.1
C,35.3
C,26.8
C,30.7
C,22.8
C,31.4
C,27.5
C,32.4
C,21
C,29
C,33
C,34.7
C,26.3
C,27
C,26.8
C,24.9
C,26.5
C,36.8
C,24.7
C,27.8
C,34.2
C,22.7
C,30.8
C,23.8
C,27.8
C,25.3
C,26.4
C,29.4
C,30.1
C,32.5
C,37.8
C,26.8
C,28.5
C,42.4
C,33.2
C,33
C,29.1
C,30.3
C,28.5
C,19.9
C,21.2
C,25.9
C,32.6
C,30.7
C,31.1
C,30.9
C,26.7
C,33.4
C,33.7
C,22.6
C,37.4
C,27.3
C,29.1
C,32.6
C,36.6
C,32.1
C,34.6
C,25
C,27.8
C,27.9
C,35.1
C,24.7
C,37.9
C,29.4
C,33.6
C,25.6
C,38.9
C,32.4
C,19.2
C,29.8
C,21.4
C,31.9
C,36.7
C,21
C,26
C,38.5
C,31.4
C,25.1
C,29.1
C,28.1
C,29.7
C,32.2
C,23.1
C,30.3
C,35
C,37.1
C,23.3
C,30.4
C,29.6
C,35
C,31.6
C,38
C,26.8
C,28.8
C,33.9
C,31.4
C,35.8
C,24.1
C,27.1
C,35.3
C,30.8
C,36.4
C,29.2
C,31.9
C,32.7
C,36
C,29.4
C,33.7
C,31.6
C,32.2
C,27.6
C,33.2
C,30.3
C,34.5
C,17.1
C,37.7
C,29.9
C,30
C,25.7
C,22.6
C,36.3
C,26.1
C,30.5
C,32
C,30
C,29.2
C,28.7
C,38.6
C,27.3
C,27.9
C,29
C,33
C,31.5
C,34.9
C,28.9
C,26.2
C,30.9
C,28.8
C,18.6
C,38.3
C,28.7
C,28.9
C,39
C,22.4
C,29.8
C,21.9
C,34.3
C,34.6
C,28.8
C,34.1
C,37.6
C,22.7
C,22.6
C,41.2
C,29
C,26.1
C,34.4
C,26.3
C,19.3
C,30.4
C,35.3
C,19.3
C,24.3
C,30.3
C,30.9
C,29.8
C,31.4
C,26.1
C,27.5
C,28.1
C,24.6
C,33.4
C,27.5
C,28.6
C,24.3
C,30.1
C,29.2
C,33
C,27.2
C,40.4
C,27.9
C,26
C,31.3
C,31.6
C,24.2
C,28.4
C,34
C,30.8
C,28.1
C,32.5
C,28.1
C,38.1
C,30.3
C,22.4
C,22.5
C,19.7
C,32.4
C,30.3
C,24.3
C,30.9
C,27.2
C,24.6
C,30.3
C,35
C,24.1
C,32.5
C,36.1
C,34.9
C,32.1
C,26.9
C,30.3
C,23.4
C,21.1
C,24.2
C,34.2
C,39.8
C,32.6
C,29.5
C,27.4
C,16.9
C,20.7
C,29.9
C,39.1
C,26.4
C,37.4
C,35.6
C,30.1
C,27.5
C,33.9
C,24.8
C,27.2
C,36
C,30.1
C,26.3
C,39
C,32.3
C,23.4
C,28.9
C,23.5
C,37.2
C,31.6
C,27.6
C,17
C,19.4
C,42.2
C,30.9
C,26.1
C,30.8
C,25.6
C,28.5
C,27.5
C,29.4
C,28.1
C,26.4
C,27.5
C,30.6
C,35
C,31.2
C,34.4
C,29.8
C,34.4
C,27
C,24.9
C,23.4
C,33.2
C,30
C,30.7
C,31.6
C,33.9
C,36.5
C,26.2
C,25.2
C,33.5
C,38.1
C,33.5
C,34.7
C,34.5
C,24.8
C,33.5
C,35.3
C,28.4
C,25.9
C,24.9
C,31.2
C,33.6
C,35.6
C,20.4
C,25
C,31
C,32.8
C,31.6
C,20.3
C,21.2
C,24
C,23.9
C,30.6
C,39.1
C,33.1
C,29.9
C,33.8
C,26.3
C,26
C,38.5
C,31.3
C,30.1
C,37.5
C,33.4
C,27.4
C,32.7
C,30.9
C,33.6
C,34.8
C,30.6
C,40.5
C,28.2
C,24.8
C,31.2
C,41.6
C,28.8
C,18.8
C,27.9
C,25.2
C,28.7
C,18.8
C,28.4
C,34
C,21
C,24.5
C,34.8
C,30.1
C,34.9
C,32.2
C,33
C,36.5
C,29.5
C,31.2
C,30.6
C,29.4
C,24.3
C,26.6
C,29.6
C,30.2
C,34.1
C,31.1
C,24.2
C,28.4
C,25.6
C,23.3
C,35.1
C,35.3
C,33.7
C,32.4
C,33.2
C,31.7
C,28.2
C,23.4
C,27.5
C,31.9
C,27
C,31.6
C,24.3
C,33.2
C,26
C,24.8
C,33.3
C,30.7
C,32.7
C,30.5
C,25.3
C,35.4
C,32.1
C,34.4
C,35.7
C,24
C,32.7
C,35.3
C,26.2
C,32.8
C,37
C,29.1
C,33.7
C,31.2
C,23
C,28.3
C,26.6
C,31.7
C,31.6
C,18.5
C,31.3
C,32.8
C,31.6
C,33.3
C,23.9
C,39.3
C,30.4
C,36.1
D,27.6
D,32.3
D,25.9
D,32.4
D,28.1
D,29.9
D,34.1
D,24.1
D,31.6
D,32.1
D,28
D,28.7
D,32.8
D,31.5
D,24.2
D,29.2
D,32.4
D,34.4
D,25.4
D,21.4
D,30.6
D,39.1
D,32.3
D,38.6
D,32.3
D,29.3
D,30.1
D,26.9
D,29
D,36
D,29.5
D,31.2
D,23
D,37.1
D,25.8
D,31.8
D,24.8
D,28.4
D,33.8
D,29.7
D,31.5
D,30.5
D,35.3
D,31.8
D,27.6
D,34.9
D,26.4
D,34.8
D,23.1
D,22.5
D,31.6
D,26.1
D,19.2
D,30
D,28.9
D,29.9
D,42.6
D,28.3
D,31.4
D,23.4
D,31
D,32.8
D,21.5
D,27.9
D,34.1
D,35.3
D,30.3
D,27.2
D,32
D,36.5
D,33
D,42.4
D,27.6
D,35.9
D,34.8
D,31.4
D,27.9
D,33.3
D,31.1
D,20.8
D,22.9
D,27.8
D,38.5
D,30
D,28.3
D,27.4
D,26
D,32
D,20.2
D,31.5
D,25.3
D,26.3
D,26.1
D,29
D,32.3
D,26
D,32.6
D,19.1
D,31.4
D,26.5
D,29.8
D,29.7
D,26.7
D,34.4
D,24.4
D,21.9
D,30.3
D,28
D,31.7
D,25.4
D,29
D,35.3
D,40.7
D,29.8
D,35.2
D,29.7
D,22.7
D,21.6
D,33.3
D,26.7
D,28.6
D,28.2
D,29.1
D,34.2
D,31.7
D,42.4
D,28.8
D,33.2
D,25.7
D,34.7
D,27.5
D,24.5
D,22.1
D,26.6
D,25.7
D,31.1
D,30.2
D,25.6
D,31.4
D,32.2
D,32.5
D,27.3
D,26.8
D,27
D,39.6
D,31.6
D,29.3
D,39.3
D,30.9
D,28
D,36.9
D,31
D,28.6
D,28
D,22.8
D,24.8
D,22.3
D,21.2
D,27.1
D,37.7
D,34.1
D,27.6
D,30.8
D,33.7
D,37.4
D,32.4
D,30.6
D,28.4
D,29.3
D,35.7
D,33.4
D,24.8
D,36.3
D,38.2
D,29.5
D,25.9
D,23.1
D,19.8
D,43.9
D,30.8
D,34
D,31.8
D,30.1
D,36.7
D,26.1
D,25.4
D,33
D,31
D,24.7
D,25.5
D,27
D,32.5
D,25.7
D,31.9
D,32.4
D,29.5
D,29
D,26.6
D,30.9
D,29
D,36.8
D,12.7
D,33.5
D,37.5
D,29.6
D,28.3
D,30.5
D,27.9
D,36.2
D,23.4
D,32.5
D,33.2
D,27.1
D,20.6
D,34.1
D,35.4
D,29.5
D,28.5
D,31.4
D,28.3
D,28.1
D,30.3
D,24.2
D,40.9
D,36
D,25.2
D,30.9
D,33.5
D,25.4
D,27.3
D,25.5
D,34.7
D,37.8
D,28.4
D,30
D,36.3
D,31.9
D,32.1
D,32.3
D,34.4
D,27.9
D,28
D,28
D,35.7
D,23.1
D,29
D,19.4
D,27.4
D,35.9
D,26
D,36
D,28.2
D,47.7
D,32
D,38.3
D,37.9
D,30.8
D,37.9
D,31.8
D,29.2
D,30.4
D,32.3
D,31.6
D,40
D,27.9
D,36.8
D,32
D,27.4
D,27.1
D,31.5
D,21.9
D,30.5
D,35.8
D,20.8
D,35.3
D,20.9
D,30.9
D,26.6
D,22.8
D,32.1
D,28.5
D,34.4
D,43.5
D,30.1
D,21.4
D,30.6
D,33.3
D,29.7
D,23
D,38.1
D,33.9
D,24.7
D,24.8
D,25.3
D,28.5
D,29.2
D,25.1
D,39.3
D,25.7
D,30
D,39.6
D,34.5
D,23.8
D,27.2
D,27.8
D,31.3
D,30.4
D,29
D,30.6
D,40.1
D,37.4
D,40.4
D,34.2
D,26.9
D,27.6
D,32.5
D,26
D,26.5
D,25.5
D,36.2
D,35.8
D,38.7
D,29
D,30.8
D,30.2
D,31.9
D,30.8
D,27.4
D,21.5
D,27.4
D,19.7
D,35
D,36.7
D,31.5
D,25.6
D,31.6
D,30.3
D,31
D,41.4
D,31
D,35.1
D,32.4
D,36.7
D,34.9
D,28.4
D,27
D,33.3
D,35
D,23.9
D,26.3
D,32.4
D,27.4
D,24.5
D,31.4
D,29.1
D,27.1
D,32.9
D,30.1
D,28.6
D,30.3
D,22.1
D,34.2
D,24.9
D,26.9
D,29.9
D,25.4
D,26.9
D,32.7
D,43.3
D,33.2
D,31
D,29.7
D,36.3
D,27.9
D,41.2
D,29.5
D,26.4
D,28.3
D,32.9
D,35.3
D,37.5
D,33.6
D,24.8
D,33.2
D,35.8
D,33.8
D,28.5
D,28
D,27.9
D,33.3
D,25.2
D,34.9
D,25.5
D,34.1
D,23.9
D,21.4
D,36.9
D,34.8
D,34.4
D,25.3
D,28.8
D,24.1
D,31.9
D,28
D,35
D,30.6
D,29.7
D,26.2
D,25.9
D,29.8
D,33.9
D,28.6
D,32.8
D,37.8
D,33.3
D,31.7
D,32.5
D,25.4
D,32.3
D,25.4
D,34.2
D,33.3
D,23.8
D,28
D,34
D,22.8
D,34.6
D,30.3
D,26.8
D,30.9
D,26.6
D,27.7
D,34.5
D,30.4
D,27.9
D,24.4
D,36.4
D,24.2
D,24.6
D,31.2
D,28.2
D,31.9
D,29.5
D,26
D,26.1
D,28.5
D,36.1
D,39.2
D,27.5
D,31.3
D,17
D,28
D,27.3
D,26.3
D,30.9
D,36.6
D,33.3
D,33.7
D,30.9
D,23.9
D,26.1
D,24.3
D,24.5
D,30.6
D,27.8
D,26.7
D,37.5
D,34.8
D,27.3
D,27.5
D,27.6
D,29.7
D,38.8
D,30.5
D,25.3
D,30.3
D,30.9
D,37.7
D,35.5
D,43.8
D,27.1
D,27.9
D,30.5
D,27.1
D,30.8
D,25.4
D,32.2
D,27.5
D,25.7
D,25.5
D,30.7
D,24
D,37.4
D,29.8
D,23.2
D,19
D,27.4
D,33.5
D,29.2
D,30.3
D,31.9
D,16.3
D,22.1
D,31.3
D,30.1
D,35.3
D,38
D,25.5
D,29.8
D,19
D,38.2
D,25.5
D,33.4
D,31.1
D,26.6
D,37.2
D,30.8
D,24.5
D,36.3
D,37.7
D,26.1
D,26.3
D,21.5
D,27.7
D,29.9
D,37.2
D,22.9
D,30.2
D,31
D,22.9
D,34.5
D,24.4
D,24.4
D,37.1
D,36.2
D,35
D,33.5
D,26.6
D,26.2
D,32.2
D,34.8
D,34.2
D,27.2
D,37.1
D,20.9
D,35
D,23.3
D,23.8
D,26.8
D,33
D,41.4
D,25.9
D,25.5
D,33.7
D,27.7
D,32.8
D,27
D,25.1
D,27.1
D,29
D,24.2
D,27.5
D,33.7
D,35
D,32.1
D,27.2
D,25.5
D,32.3
D,28.7
D,28.1
D,39.4
D,37.9
D,34
D,19.2
D,22
D,27.7
D,28.7
D,31.8
D,30.2
D,29.8
D,31.5
D,26.5
D,23.8
D,35
D,31.6
D,33.3
D,30.7
D,32.4
D,38.1
D,26.4
D,27.6
D,27.6
D,26.9
D,35
D,37.7
D,20.5
D,31.2
D,34.6
D,18
D,14